,realized_pnl,gross_sale_value,gross_buy_value,transaction_cost
2020-01-02,-0.0002277777777777781,0.22777777777777775,0.22732267732267733,0.0004551004551004551
2020-01-03,7.412631737880993e-06,0.0556185867740675,0.05550746072656687,0.00011112604750063437
2020-01-06,0.0,0.0,0.0,0.0
2020-01-07,0.0,0.0,0.0,0.0
2020-01-08,-0.00015539984128060317,0.0030722715521056478,0.0030661331474061363,6.138404699511785e-06
2020-01-09,0.0,0.0,0.0,0.0
2020-01-10,0.0,0.0,0.0,0.0
2020-01-13,0.0,0.0,0.0,0.0
2020-01-14,0.0,0.0,0.0,0.0
2020-01-15,0.0,0.0,0.0,0.0
2020-01-16,0.0,0.0,0.0,0.0
2020-01-17,0.0,0.0,0.0,0.0
2020-01-20,0.0,0.0,0.0,0.0
2020-01-21,0.0,0.0,0.0,0.0
2020-01-22,0.0,0.0,0.0,0.0
2020-01-23,0.0,0.0,0.0,0.0
2020-01-24,0.0,0.0,0.0,0.0
2020-01-27,0.0,0.0,0.0,0.0
2020-01-28,0.0,0.0,0.0,0.0
2020-01-29,0.0,0.0,0.0,0.0
2020-01-30,0.0,0.0,0.0,0.0
2020-01-31,0.0,0.0,0.0,0.0
2020-02-03,0.0,0.0,0.0,0.0
2020-02-04,0.0,0.0,0.0,0.0
2020-02-05,0.0,0.0,0.0,0.0
2020-02-06,0.0,0.0,0.0,0.0
2020-02-07,0.0,0.0,0.0,0.0
2020-02-10,0.0,0.0,0.0,0.0
2020-02-11,0.0,0.0,0.0,0.0
2020-02-12,0.0,0.0,0.0,0.0
2020-02-13,0.0,0.0,0.0,0.0
2020-02-14,0.0,0.0,0.0,0.0
2020-02-17,0.0,0.0,0.0,0.0
2020-02-18,0.0,0.0,0.0,0.0
2020-02-19,0.0,0.0,0.0,0.0
2020-02-20,0.0,0.0,0.0,0.0
2020-02-21,0.01667908512675954,0.07227914204658391,0.07213472817636096,0.00014441387022294487
2020-02-26,-0.010899523897165031,0.044672926807420174,0.04458367021040235,8.925659701782252e-05
2020-02-27,0.0,0.0,0.0,0.0
2020-02-28,0.0,0.0,0.0,0.0
2020-03-02,0.0,0.0,0.0,0.0
2020-03-03,0.0,0.0,0.0,0.0
2020-03-04,0.0,0.0,0.0,0.0
2020-03-05,-0.009799225864774719,0.0457743262392423,0.045682869043959094,9.145719528320138e-05
2020-03-06,0.0,0.0,0.0,0.0
2020-03-09,-0.007596156176481689,0.038170566302824185,0.03809430143508628,7.626486773791046e-05
2020-03-10,0.0,0.0,0.0,0.0
2020-03-11,-0.006233360337749178,0.04342317881120857,0.04333641921318418,8.675959802439276e-05
2020-03-12,-0.0023482741292246466,0.007336841746818263,0.007322182722349083,1.4659024469167347e-05
2020-03-13,-0.0012232783580322362,0.0052220914678910435,0.005211657718704447,1.043374918659549e-05
2020-03-16,-0.017149709504114343,0.05204137337768848,0.0519373946097011,0.00010397876798738958
2020-03-17,0.0,0.0,0.0,0.0
2020-03-18,0.0,0.0,0.0,0.0
2020-03-19,0.0,0.0,0.0,0.0
2020-03-20,-0.033602877700446135,0.029077500475126375,0.029019403571080165,5.809690404620654e-05
2020-03-23,-0.019218730576347074,0.02763899517597847,0.027583772408394096,5.522276758437257e-05
2020-03-24,-0.0045580788738402616,0.029850623982242072,0.02979098237588395,5.9641606358126016e-05
2020-03-25,-0.027162900154432845,0.028424786503495142,0.028367993723268373,5.679278022676352e-05
2020-03-26,0.0,0.0,0.0,0.0
2020-03-27,0.0011642392402423619,0.029590191148382385,0.029531069887346655,5.912126103572904e-05
2020-03-30,0.01057995082759103,0.04500380686655767,0.0449138891705206,8.991769603707827e-05
2020-03-31,0.009150792435423102,0.07083842176734288,0.07069688645911643,0.0001415353082264593
2020-04-01,0.0036825681510645404,0.04740586418367853,0.047311147172322536,9.471701135600107e-05
2020-04-02,0.0,0.0,0.0,0.0
2020-04-03,0.0,0.0,0.0,0.0
2020-04-06,-0.015569610101510369,0.02576589126721835,0.025714410964986147,5.14803022322045e-05
2020-04-07,0.0,0.0,0.0,0.0
2020-04-08,0.0,0.0,0.0,0.0
2020-04-09,0.0,0.0,0.0,0.0
2020-04-13,0.0,0.0,0.0,0.0
2020-04-14,0.0,0.0,0.0,0.0
2020-04-15,0.0,0.0,0.0,0.0
2020-04-16,0.0,0.0,0.0,0.0
2020-04-17,-0.007995592793726228,0.034598937558161194,0.03452980881179124,6.912874636995242e-05
2020-04-20,-0.0014159600839523867,0.005394570515787949,0.005383792153119042,1.0778362668906992e-05
2020-04-22,-0.00049211625685487,0.034106328692440596,0.034038184179568595,6.81445128720092e-05
2020-04-23,0.0,0.0,0.0,0.0
2020-04-24,0.0,0.0,0.0,0.0
2020-04-27,0.002265812032535631,0.044684619916687485,0.04459533995681398,8.927995987350148e-05
2020-04-28,-0.0040745604204491985,0.03427579226085036,0.03420730915943007,6.848310142028043e-05
2020-04-29,0.0,0.0,0.0,0.0
2020-04-30,0.0030982552191423586,0.08206176875325591,0.08189780917532732,0.00016395957792858322
2020-05-04,0.0,0.0,0.0,0.0
2020-05-05,0.0,0.0,0.0,0.0
2020-05-06,0.0,0.0,0.0,0.0
2020-05-07,-0.000328925989311705,0.03662980598343159,0.03655661955789027,7.318642554132185e-05
2020-05-08,0.0,0.0,0.0,0.0
2020-05-11,0.0076433341235676916,0.033416876375894716,0.03335010939012869,6.676698576602342e-05
2020-05-12,0.0,0.0,0.0,0.0
2020-05-13,0.0,0.0,0.0,0.0
2020-05-14,0.0,0.0,0.0,0.0
2020-05-15,-0.007319484467729009,0.030057170190952102,0.0299971159048563,6.00542860958084e-05
2020-05-18,0.0,0.0,0.0,0.0
2020-05-19,0.0,0.0,0.0,0.0
2020-05-20,0.0,0.0,0.0,0.0
2020-05-21,0.0,0.0,0.0,0.0
2020-05-22,0.004454078200405165,0.04891584544798155,0.048818111491042517,9.773395693902406e-05
2020-05-25,0.0,0.0,0.0,0.0
2020-05-26,0.0,0.0,0.0,0.0
2020-05-27,0.0,0.0,0.0,0.0
2020-05-28,0.0,0.0,0.0,0.0
2020-05-29,0.0010835099286383956,0.10562018391626472,0.1054091545777707,0.00021102933849403543
2020-06-01,0.0,0.0,0.0,0.0
2020-06-02,0.0,0.0,0.0,0.0
2020-06-03,0.0,0.0,0.0,0.0
2020-06-04,0.0,0.0,0.0,0.0
2020-06-05,0.0,0.0,0.0,0.0
2020-06-08,0.0,0.0,0.0,0.0
2020-06-09,0.0,0.0,0.0,0.0
2020-06-10,-0.0005178017942370644,0.0023198370463150724,0.0023152020072614962,4.635039053576568e-06
2020-06-12,0.0,0.0,0.0,0.0
2020-06-15,0.0,0.0,0.0,0.0
2020-06-16,0.0,0.0,0.0,0.0
2020-06-17,0.0,0.0,0.0,0.0
2020-06-18,0.0011054799373260273,0.003916748391140386,0.003908922720029211,7.825671111169597e-06
2020-06-19,0.012713867853194153,0.04278376463859391,0.04269828259136394,8.548204722995785e-05
2020-06-22,0.0,0.0,0.0,0.0
2020-06-23,0.0,0.0,0.0,0.0
2020-06-24,0.0,0.0,0.0,0.0
2020-06-25,0.0,0.0,0.0,0.0
2020-06-26,0.0,0.0,0.0,0.0
2020-06-29,0.0,0.0,0.0,0.0
2020-06-30,0.0,0.0,0.0,0.0
2020-07-01,0.0035998323121819286,0.043687308802206865,0.04360002147193272,8.728733027413959e-05
2020-07-02,0.0,0.0,0.0,0.0
2020-07-03,0.0,0.0,0.0,0.0
2020-07-06,0.0,0.0,0.0,0.0
2020-07-07,0.0,0.0,0.0,0.0
2020-07-08,0.0,0.0,0.0,0.0
2020-07-09,0.0,0.0,0.0,0.0
2020-07-10,0.0,0.0,0.0,0.0
2020-07-13,0.0,0.0,0.0,0.0
2020-07-14,0.0,0.0,0.0,0.0
2020-07-15,0.0,0.0,0.0,0.0
2020-07-16,0.0,0.0,0.0,0.0
2020-07-17,0.0,0.0,0.0,0.0
2020-07-20,0.0,0.0,0.0,0.0
2020-07-21,0.03831416909209716,0.091162103691542,0.09097996162622424,0.00018214206531776624
2020-07-22,0.0,0.0,0.0,0.0
2020-07-23,0.0,0.0,0.0,0.0
2020-07-24,0.0,0.0,0.0,0.0
2020-07-27,0.0,0.0,0.0,0.0
2020-07-28,0.07525559110799773,0.14954065983279102,0.14924187729566255,0.00029878253712845357
2020-07-29,0.10923263265274996,0.1835517124301406,0.18318497574196851,0.0003667366881721091
2020-07-30,0.0,0.0,0.0,0.0
2020-07-31,0.0,0.0,0.0,0.0
2020-08-03,0.018901771155310762,0.06728912639928782,0.06715468259029823,0.00013444380898958605
2020-08-04,0.0,0.0,0.0,0.0
2020-08-05,0.0,0.0,0.0,0.0
2020-08-06,0.0,0.0,0.0,0.0
2020-08-07,0.0,0.0,0.0,0.0
2020-08-10,0.008353020237757684,0.05204869042158392,0.05194469703412821,0.00010399338745571213
2020-08-11,0.0,0.0,0.0,0.0
2020-08-12,0.0,0.0,0.0,0.0
2020-08-13,-0.009132993507979062,0.22469317688713092,0.224244239470773,0.00044893741635790394
2020-08-14,0.0,0.0,0.0,0.0
2020-08-17,0.0,0.0,0.0,0.0
2020-08-18,0.007801560863988323,0.07052986594650625,0.07038894713342632,0.00014091881307993256
2020-08-19,0.0,0.0,0.0,0.0
2020-08-20,0.0,0.0,0.0,0.0
2020-08-21,0.004192236846983715,0.07472629922677022,0.07457699593161184,0.00014930329515838205
2020-08-24,0.006358933365573409,0.0750886961337646,0.07493866876886197,0.0001500273649026266
2020-08-25,0.0,0.0,0.0,0.0
2020-08-26,0.0,0.0,0.0,0.0
2020-08-27,0.0,0.0,0.0,0.0
2020-08-28,0.0,0.0,0.0,0.0
2020-08-31,0.0,0.0,0.0,0.0
2020-09-01,0.0,0.0,0.0,0.0
2020-09-02,0.0,0.0,0.0,0.0
2020-09-03,0.0,0.0,0.0,0.0
2020-09-04,0.0,0.0,0.0,0.0
2020-09-08,0.001351782498317687,0.008790093544601795,0.008772530920137056,1.756262446473885e-05
2020-09-09,0.0,0.0,0.0,0.0
2020-09-10,0.0,0.0,0.0,0.0
2020-09-11,0.0,0.0,0.0,0.0
2020-09-14,0.0,0.0,0.0,0.0
2020-09-15,0.0,0.0,0.0,0.0
2020-09-16,0.0,0.0,0.0,0.0
2020-09-17,0.0,0.0,0.0,0.0
2020-09-18,0.05145859331950533,0.12900162810160548,0.12874388259091296,0.0002577455106925184
2020-09-21,0.0,0.0,0.0,0.0
2020-09-22,0.0014353438788159715,0.007800242478642083,0.007784657578584854,1.5584900057226936e-05
2020-09-23,0.0,0.0,0.0,0.0
2020-09-24,0.02386079432430148,0.06084374023129263,0.06072217431674459,0.00012156591454803726
2020-09-25,0.018536023431782792,0.11659094226766487,0.11635799333206516,0.00023294893559973
2020-09-28,0.0,0.0,0.0,0.0
2020-09-29,0.0,0.0,0.0,0.0
2020-09-30,-0.0065885758622733,0.10999577123435829,0.10977599946366025,0.00021977177069801857
2020-10-01,0.0,0.0,0.0,0.0
2020-10-02,0.0,0.0,0.0,0.0
2020-10-05,0.0,0.0,0.0,0.0
2020-10-06,0.0,0.0,0.0,0.0
2020-10-07,0.0,0.0,0.0,0.0
2020-10-08,0.0,0.0,0.0,0.0
2020-10-09,-0.0012677626657585132,0.0025371195205969557,0.0025320503507256327,5.0691698713225884e-06
2020-10-13,0.0,0.0,0.0,0.0
2020-10-14,0.010114648796557804,0.11414084131624322,0.11391278768723974,0.00022805362900348293
2020-10-15,0.0,0.0,0.0,0.0
2020-10-16,0.0,0.0,0.0,0.0
2020-10-19,0.0,0.0,0.0,0.0
2020-10-20,0.0,0.0,0.0,0.0
2020-10-21,0.0,0.0,0.0,0.0
2020-10-22,0.0,0.0,0.0,0.0
2020-10-23,0.0,0.0,0.0,0.0
2020-10-26,0.0,0.0,0.0,0.0
2020-10-27,0.00122183323272577,0.115363897605258,0.1151334003073454,0.00023049729791260336
2020-10-28,-0.0020771793462042803,0.006847737175025045,0.006834055382467552,1.3681792557492598e-05
2020-10-29,0.0,0.0,0.0,0.0
2020-10-30,0.0,0.0,0.0,0.0
2020-11-03,-0.021277515504025356,0.034284546820573,0.0342160462275249,6.85005930480979e-05
2020-11-04,0.0,0.0,0.0,0.0
2020-11-05,0.0,0.0,0.0,0.0
2020-11-06,0.0,0.0,0.0,0.0
2020-11-09,0.0,0.0,0.0,0.0
2020-11-10,0.0,0.0,0.0,0.0
2020-11-11,0.022709955690913348,0.18786144409522199,0.18748609655457216,0.00037534754064979414
2020-11-12,0.0,0.0,0.0,0.0
2020-11-13,0.0,0.0,0.0,0.0
2020-11-16,0.012572688484032849,0.12953063519940666,0.12927183273147577,0.00025880246793088244
2020-11-17,0.0,0.0,0.0,0.0
2020-11-18,0.0,0.0,0.0,0.0
2020-11-19,0.02009205207029442,0.13972247317207556,0.13944330739151198,0.0002791657805635875
2020-11-23,0.0012917934514890769,0.011382466265274343,0.011359724074934135,2.2742190340208483e-05
2020-11-24,0.0,0.0,0.0,0.0
2020-11-25,0.0,0.0,0.0,0.0
2020-11-26,0.03865319435689198,0.1784143594152107,0.17805788716862686,0.0003564722465838376
2020-11-27,0.0,0.0,0.0,0.0
2020-11-30,0.0,0.0,0.0,0.0
2020-12-01,0.0,0.0,0.0,0.0
2020-12-02,0.0,0.0,0.0,0.0
2020-12-03,0.0,0.0,0.0,0.0
2020-12-04,0.12651726666914573,0.27979863181923414,0.27923959359382117,0.0005590382254130554
2020-12-07,-0.01535421313223484,0.26094351701202856,0.26042215134367286,0.0005213656683557015
2020-12-08,0.0,0.0,0.0,0.0
2020-12-09,0.0,0.0,0.0,0.0
2020-12-10,0.0,0.0,0.0,0.0
2020-12-11,0.0,0.0,0.0,0.0
2020-12-14,0.0,0.0,0.0,0.0
2020-12-15,0.0,0.0,0.0,0.0
2020-12-16,0.0,0.0,0.0,0.0
2020-12-17,0.006920200453639303,0.05469553187070793,0.05458625008874848,0.0001092817819594564
2020-12-18,0.0,0.0,0.0,0.0
2020-12-21,0.0,0.0,0.0,0.0
2020-12-22,0.0,0.0,0.0,0.0
2020-12-23,0.0,0.0,0.0,0.0
2020-12-28,0.0,0.0,0.0,0.0
2020-12-29,0.0,0.0,0.0,0.0
2020-12-30,0.0,0.0,0.0,0.0
2021-01-04,0.0,0.0,0.0,0.0
2021-01-05,0.04218679934265464,0.20296298384789235,0.20255746340064384,0.0004055204472485362
2021-01-06,0.0005375530078672925,0.045779033974212235,0.045687567372865154,9.14666013470774e-05
2021-01-07,0.0,0.0,0.0,0.0
2021-01-08,0.0,0.0,0.0,0.0
2021-01-11,0.0,0.0,0.0,0.0
2021-01-12,0.0,0.0,0.0,0.0
2021-01-13,0.0,0.0,0.0,0.0
2021-01-14,0.0,0.0,0.0,0.0
2021-01-15,0.027131779206287954,0.07322521988236286,0.07307891574673377,0.00014630413562909662
2021-01-18,0.0,0.0,0.0,0.0
2021-01-19,0.0,0.0,0.0,0.0
2021-01-20,0.0,0.0,0.0,0.0
2021-01-21,0.0,0.0,0.0,0.0
2021-01-22,0.0,0.0,0.0,0.0
2021-01-26,0.0,0.0,0.0,0.0
2021-01-27,0.0,0.0,0.0,0.0
2021-01-28,0.0,0.0,0.0,0.0
2021-01-29,0.0,0.0,0.0,0.0
2021-02-01,0.0,0.0,0.0,0.0
2021-02-02,0.0,0.0,0.0,0.0
2021-02-03,0.0,0.0,0.0,0.0
2021-02-04,0.0,0.0,0.0,0.0
2021-02-05,0.0,0.0,0.0,0.0
2021-02-08,0.0,0.0,0.0,0.0
2021-02-09,0.0,0.0,0.0,0.0
2021-02-10,0.0,0.0,0.0,0.0
2021-02-11,0.0,0.0,0.0,0.0
2021-02-12,0.0,0.0,0.0,0.0
2021-02-17,0.0,0.0,0.0,0.0
2021-02-18,0.0,0.0,0.0,0.0
2021-02-19,0.0002735865360845934,0.0030359368593413988,0.003029871051430627,6.065807910772025e-06
2021-02-22,-0.0007699218540601322,0.0027208950727340172,0.0027154587189423406,5.4363537916763574e-06
2021-02-23,0.0,0.0,0.0,0.0
2021-02-24,0.0,0.0,0.0,0.0
2021-02-25,0.0,0.0,0.0,0.0
2021-02-26,0.0,0.0,0.0,0.0
2021-03-01,0.0,0.0,0.0,0.0
2021-03-02,0.0,0.0,0.0,0.0
2021-03-03,0.00127681540911051,0.07450331338497597,0.07435445561597503,0.000148857769000951
2021-03-04,-0.0007986146492748356,0.0025795150883416254,0.0025743612120412425,5.153876300382867e-06
2021-03-05,-0.00021886922271510984,0.04240979708307828,0.04232506222377143,8.473485930684971e-05
2021-03-08,0.0,0.0,0.0,0.0
2021-03-09,0.0,0.0,0.0,0.0
2021-03-10,0.0,0.0,0.0,0.0
2021-03-11,0.0,0.0,0.0,0.0
2021-03-12,0.01611229695445303,0.0764132229412861,0.07626054916917563,0.00015267377211046173
2021-03-15,0.0,0.0,0.0,0.0
2021-03-16,-0.00023660142184522837,0.04217295882297295,0.04208869716698299,8.426165598995594e-05
2021-03-17,0.0,0.0,0.0,0.0
2021-03-18,0.0,0.0,0.0,0.0
2021-03-19,0.0,0.0,0.0,0.0
2021-03-22,0.0,0.0,0.0,0.0
2021-03-23,0.0,0.0,0.0,0.0
2021-03-24,0.0,0.0,0.0,0.0
2021-03-25,0.0,0.0,0.0,0.0
2021-03-26,0.0,0.0,0.0,0.0
2021-03-29,0.006532302199399351,0.01340688744355968,0.01338010045566046,2.6786987899220135e-05
2021-03-30,-0.008280736737727038,0.17039956829390995,0.17005910961600004,0.00034045867790991004
2021-03-31,0.02845178836634575,0.09068317360515596,0.0905019884431077,0.00018118516204826366
2021-04-01,0.0,0.0,0.0,0.0
2021-04-05,0.0,0.0,0.0,0.0
2021-04-06,0.0,0.0,0.0,0.0
2021-04-07,0.0,0.0,0.0,0.0
2021-04-08,0.0,0.0,0.0,0.0
2021-04-09,0.0,0.0,0.0,0.0
2021-04-12,0.0,0.0,0.0,0.0
2021-04-13,0.0,0.0,0.0,0.0
2021-04-14,0.01483456707567865,0.09126263943345693,0.09108029649752593,0.00018234293593098286
2021-04-15,0.029198469691989432,0.09893767074563785,0.09873999308181039,0.00019767766382744825
2021-04-16,0.0,0.0,0.0,0.0
2021-04-19,0.0,0.0,0.0,0.0
2021-04-20,0.0,0.0,0.0,0.0
2021-04-22,0.019868174656945754,0.09566178121712049,0.09547064878711625,0.00019113243000423675
2021-04-23,0.0,0.0,0.0,0.0
2021-04-26,0.0,0.0,0.0,0.0
2021-04-27,0.0,0.0,0.0,0.0
2021-04-28,0.0,0.0,0.0,0.0
2021-04-29,0.0,0.0,0.0,0.0
2021-04-30,0.024159184898684082,0.09995708676440611,0.09975737230533636,0.00019971445906974246
2021-05-03,0.0,0.0,0.0,0.0
2021-05-04,0.0069493867683283915,0.014008727306663457,0.013980737841515281,2.798946514817874e-05
2021-05-05,0.0,0.0,0.0,0.0
2021-05-06,0.0,0.0,0.0,0.0
2021-05-07,0.0,0.0,0.0,0.0
2021-05-10,0.0,0.0,0.0,0.0
2021-05-11,0.0,0.0,0.0,0.0
2021-05-12,0.0,0.0,0.0,0.0
2021-05-13,0.0,0.0,0.0,0.0
2021-05-14,0.0,0.0,0.0,0.0
2021-05-17,0.0,0.0,0.0,0.0
2021-05-18,0.0,0.0,0.0,0.0
2021-05-19,0.0,0.0,0.0,0.0
2021-05-20,0.0,0.0,0.0,0.0
2021-05-21,0.0,0.0,0.0,0.0
2021-05-24,0.16893200716033466,0.3740790338628069,0.3733316232057383,0.0007474106570685452
2021-05-25,0.0,0.0,0.0,0.0
2021-05-26,0.0,0.0,0.0,0.0
2021-05-27,0.0,0.0,0.0,0.0
2021-05-28,0.0,0.0,0.0,0.0
2021-05-31,0.0,0.0,0.0,0.0
2021-06-01,0.0,0.0,0.0,0.0
2021-06-02,0.0,0.0,0.0,0.0
2021-06-04,0.0,0.0,0.0,0.0
2021-06-07,0.031087377663619548,0.10082846951603837,0.10062701403248984,0.0002014554835485282
2021-06-08,0.0,0.0,0.0,0.0
2021-06-09,0.0,0.0,0.0,0.0
2021-06-10,0.0,0.0,0.0,0.0
2021-06-11,0.0,0.0,0.0,0.0
2021-06-14,0.0,0.0,0.0,0.0
2021-06-15,0.0,0.0,0.0,0.0
2021-06-16,0.0,0.0,0.0,0.0
2021-06-17,0.0,0.0,0.0,0.0
2021-06-18,0.0,0.0,0.0,0.0
2021-06-21,0.006299171988401146,0.013393200151415083,0.013366440510752914,2.6759640662167996e-05
2021-06-22,0.0,0.0,0.0,0.0
2021-06-23,0.0,0.0,0.0,0.0
2021-06-24,0.0,0.0,0.0,0.0
2021-06-25,0.0,0.0,0.0,0.0
2021-06-28,0.0,0.0,0.0,0.0
2021-06-29,0.0,0.0,0.0,0.0
2021-06-30,0.0,0.0,0.0,0.0
2021-07-01,0.0,0.0,0.0,0.0
2021-07-02,0.0,0.0,0.0,0.0
2021-07-05,0.0,0.0,0.0,0.0
2021-07-06,0.0,0.0,0.0,0.0
2021-07-07,0.0,0.0,0.0,0.0
2021-07-08,0.0,0.0,0.0,0.0
2021-07-12,0.0,0.0,0.0,0.0
2021-07-13,0.0,0.0,0.0,0.0
2021-07-14,0.0,0.0,0.0,0.0
2021-07-15,0.0,0.0,0.0,0.0
2021-07-16,0.0,0.0,0.0,0.0
2021-07-19,0.0,0.0,0.0,0.0
2021-07-20,0.0,0.0,0.0,0.0
2021-07-21,-0.048148534617704034,0.1304918627083474,0.1302311397059331,0.0002607230024142805
2021-07-22,0.0,0.0,0.0,0.0
2021-07-23,0.0,0.0,0.0,0.0
2021-07-26,-0.0009378296197396373,0.09687066560263555,0.09667711781921369,0.00019354778342184925
2021-07-27,0.0,0.0,0.0,0.0
2021-07-28,0.0,0.0,0.0,0.0
2021-07-29,-0.00016226727059860937,0.0026237813944355744,0.002618539073967172,5.242320468402746e-06
2021-07-30,0.0,0.0,0.0,0.0
2021-08-02,0.0,0.0,0.0,0.0
2021-08-03,-0.0017952801626283591,0.09808599289096988,0.09789001688119771,0.00019597600977216758
2021-08-04,0.0,0.0,0.0,0.0
2021-08-05,0.0,0.0,0.0,0.0
2021-08-06,0.0,0.0,0.0,0.0
2021-08-09,0.006885370159470324,0.014349863086210495,0.01432119203109319,2.8671055117303683e-05
2021-08-10,0.0,0.0,0.0,0.0
2021-08-11,0.0,0.0,0.0,0.0
2021-08-12,0.0,0.0,0.0,0.0
2021-08-13,0.023231360818354998,0.39733364929659565,0.39653977587142764,0.0007938734251680232
2021-08-16,0.0,0.0,0.0,0.0
2021-08-17,0.0,0.0,0.0,0.0
2021-08-18,0.0,0.0,0.0,0.0
2021-08-19,0.0,0.0,0.0,0.0
2021-08-20,0.0,0.0,0.0,0.0
2021-08-23,0.005732571096186003,0.013420351089941218,0.013393537201649625,2.6813888291590843e-05
2021-08-24,0.0,0.0,0.0,0.0
2021-08-25,0.0,0.0,0.0,0.0
2021-08-26,-0.0001371420275946887,0.0030799001108966556,0.0030737464643214377,6.153646575218093e-06
2021-08-27,0.0,0.0,0.0,0.0
2021-08-30,0.0,0.0,0.0,0.0
2021-08-31,0.0,0.0,0.0,0.0
2021-09-01,0.0,0.0,0.0,0.0
2021-09-02,0.0,0.0,0.0,0.0
2021-09-03,0.0,0.0,0.0,0.0
2021-09-06,0.0,0.0,0.0,0.0
2021-09-08,0.0,0.0,0.0,0.0
2021-09-09,0.0,0.0,0.0,0.0
2021-09-10,0.0,0.0,0.0,0.0
2021-09-13,0.0,0.0,0.0,0.0
2021-09-14,0.0,0.0,0.0,0.0
2021-09-15,0.0,0.0,0.0,0.0
2021-09-16,0.0,0.0,0.0,0.0
2021-09-17,0.0,0.0,0.0,0.0
2021-09-20,0.0,0.0,0.0,0.0
2021-09-21,0.0,0.0,0.0,0.0
2021-09-22,-0.005250935968047888,0.03714472994833058,0.03707051470367858,7.421524465200916e-05
2021-09-23,0.0,0.0,0.0,0.0
2021-09-24,0.0,0.0,0.0,0.0
2021-09-27,0.0,0.0,0.0,0.0
2021-09-28,0.0,0.0,0.0,0.0
2021-09-29,0.0,0.0,0.0,0.0
2021-09-30,0.0,0.0,0.0,0.0
2021-10-01,0.0,0.0,0.0,0.0
2021-10-04,0.0,0.0,0.0,0.0
2021-10-05,-0.000959933984184722,0.0026372678792672623,0.00263199861277522,5.2692664920424835e-06
2021-10-06,0.0,0.0,0.0,0.0
2021-10-07,0.0,0.0,0.0,0.0
2021-10-08,0.0,0.0,0.0,0.0
2021-10-11,0.0,0.0,0.0,0.0
2021-10-13,0.0,0.0,0.0,0.0
2021-10-14,0.0,0.0,0.0,0.0
2021-10-15,0.0,0.0,0.0,0.0
2021-10-18,0.0,0.0,0.0,0.0
2021-10-19,0.06496820105430046,0.46607209186482673,0.46514087889406786,0.0009312129707588945
2021-10-20,0.0,0.0,0.0,0.0
2021-10-21,0.0,0.0,0.0,0.0
2021-10-22,0.0,0.0,0.0,0.0
2021-10-25,0.0,0.0,0.0,0.0
2021-10-26,-0.03049008366538556,0.34961493938154325,0.3489164080341276,0.0006985313474156708
2021-10-27,-0.0033364967702158945,0.09353082899581283,0.09334395421260441,0.00018687478320841727
2021-10-28,-0.0056478447786461545,0.08806924899877605,0.08789328646331397,0.00017596253546209003
2021-10-29,0.0,0.0,0.0,0.0
2021-11-01,0.0,0.0,0.0,0.0
2021-11-03,0.016766942523273314,0.33963273580535164,0.33895414892062564,0.0006785868847259773
2021-11-04,0.0,0.0,0.0,0.0
2021-11-05,0.0,0.0,0.0,0.0
2021-11-08,0.0,0.0,0.0,0.0
2021-11-09,0.0,0.0,0.0,0.0
2021-11-10,0.0,0.0,0.0,0.0
2021-11-11,0.0,0.0,0.0,0.0
2021-11-12,-0.00867128911680553,0.08699016240739665,0.08681635588910015,0.00017380651829649682
2021-11-16,0.0,0.0,0.0,0.0
2021-11-17,0.0,0.0,0.0,0.0
2021-11-18,0.0,0.0,0.0,0.0
2021-11-19,0.006760206679891004,0.32961598320937335,0.3289574098163476,0.000658573393025721
2021-11-22,-0.010150947512537744,0.32446325088620354,0.32381497266265463,0.0006482782235488582
2021-11-23,0.009925115022058357,0.33439830095833395,0.33373017248489073,0.0006681284734432247
2021-11-24,0.0,0.0,0.0,0.0
2021-11-25,0.0,0.0,0.0,0.0
2021-11-26,0.021908364510506432,0.35644162503815996,0.3557294539591626,0.0007121710789973226
2021-11-29,0.0,0.0,0.0,0.0
2021-11-30,0.0,0.0,0.0,0.0
2021-12-01,0.0,0.0,0.0,0.0
2021-12-02,0.0,0.0,0.0,0.0
2021-12-03,0.0,0.0,0.0,0.0
2021-12-06,0.0,0.0,0.0,0.0
2021-12-07,0.0005914461017818191,0.0033788471044755818,0.0033720961612098968,6.750943265685479e-06
2021-12-08,0.0,0.0,0.0,0.0
2021-12-09,0.0,0.0,0.0,0.0
2021-12-10,0.0,0.0,0.0,0.0
2021-12-13,0.0,0.0,0.0,0.0
2021-12-14,0.0,0.0,0.0,0.0
2021-12-15,0.031710812245281356,0.3881841798382414,0.3874085870713318,0.0007755927669095733
2021-12-16,0.0,0.0,0.0,0.0
2021-12-17,0.0,0.0,0.0,0.0
2021-12-20,0.0,0.0,0.0,0.0
2021-12-21,0.0,0.0,0.0,0.0
2021-12-22,0.0,0.0,0.0,0.0
2021-12-23,0.0,0.0,0.0,0.0
2021-12-27,0.004588810877092715,0.049308727905476635,0.04921020896860256,9.85189368740792e-05
2021-12-28,0.0,0.0,0.0,0.0
2021-12-29,0.0,0.0,0.0,0.0
2021-12-30,0.0,0.0,0.0,0.0
2022-01-03,0.010051320775848619,0.09705154456540328,0.09685763538545242,0.0001939091799508557
2022-01-04,0.0,0.0,0.0,0.0
2022-01-05,0.0,0.0,0.0,0.0
2022-01-06,-0.024326087923067192,0.3369973166741162,0.33632399536208,0.0006733213120361963
2022-01-07,0.0,0.0,0.0,0.0
2022-01-10,-0.0009929382090496475,0.0021237635273321847,0.002119520243561291,4.243283770893476e-06
2022-01-11,0.0,0.0,0.0,0.0
2022-01-12,0.004201618861330117,0.10056666271536178,0.10036573032232411,0.00020093239303768591
2022-01-13,0.0,0.0,0.0,0.0
2022-01-14,0.0,0.0,0.0,0.0
2022-01-17,0.0,0.0,0.0,0.0
2022-01-18,0.0,0.0,0.0,0.0
2022-01-19,0.0,0.0,0.0,0.0
2022-01-20,0.0,0.0,0.0,0.0
2022-01-21,0.0,0.0,0.0,0.0
2022-01-24,0.0,0.0,0.0,0.0
2022-01-25,0.0,0.0,0.0,0.0
2022-01-26,0.0,0.0,0.0,0.0
2022-01-27,0.0,0.0,0.0,0.0
2022-01-28,-0.05183987484368491,0.0985539488908335,0.09835703790403862,0.00019691098679487212
2022-01-31,0.0,0.0,0.0,0.0
2022-02-01,0.0,0.0,0.0,0.0
2022-02-02,-0.00858242628157566,0.3527567377366703,0.3520519290698637,0.000704808666806534
2022-02-03,0.0,0.0,0.0,0.0
2022-02-04,0.008476971943404453,0.3533624846061985,0.3526564656559364,0.0007060189502621348
2022-02-07,0.0021709649812072175,0.10072708701016003,0.10052583408906081,0.00020125292109922084
2022-02-08,0.0,0.0,0.0,0.0
2022-02-09,-0.0011872825068737706,0.3521740136283469,0.3514703692454731,0.00070364438287382
2022-02-10,0.005081026022966167,0.35361163255197137,0.3529051158036158,0.0007065167483555872
2022-02-11,0.0,0.0,0.0,0.0
2022-02-14,0.0,0.0,0.0,0.0
2022-02-15,0.013615147804275245,0.36724040913282746,0.366506662061633,0.0007337470711944605
2022-02-16,0.0,0.0,0.0,0.0
2022-02-17,-0.0060226086824442335,0.0945380253955978,0.09434913823197023,0.00018888716362756803
2022-02-18,0.0,0.0,0.0,0.0
2022-02-21,0.0,0.0,0.0,0.0
2022-02-22,0.0008101100431004858,0.35869388573891337,0.3579772146385359,0.0007166711003774493
2022-02-23,0.0,0.0,0.0,0.0
2022-02-24,0.0,0.0,0.0,0.0
2022-02-25,0.0,0.0,0.0,0.0
2022-03-02,0.0,0.0,0.0,0.0
2022-03-03,-0.008752877203328312,0.4747077271883227,0.47375926020093345,0.0009484669873892562
2022-03-04,0.006230565824735579,0.10168623433983469,0.10148306504045439,0.00020316929938028907
2022-03-07,0.0,0.0,0.0,0.0
2022-03-08,-0.015226274967949729,0.35683022221095656,0.35611727471403154,0.0007129474969249882
2022-03-09,0.038099239617632855,0.48303684820436005,0.4820717396165392,0.0009651085878208994
2022-03-10,0.0,0.0,0.0,0.0
2022-03-11,0.015644083656107168,0.39330398360084806,0.39251816145579144,0.0007858221450566396
2022-03-14,0.0,0.0,0.0,0.0
2022-03-15,0.0,0.0,0.0,0.0
2022-03-16,0.005772731405844765,0.39908249351660857,0.3982851258971948,0.0007973676194138034
2022-03-17,0.0,0.0,0.0,0.0
2022-03-18,0.0,0.0,0.0,0.0
2022-03-21,0.0,0.0,0.0,0.0
2022-03-22,0.0,0.0,0.0,0.0
2022-03-23,0.0,0.0,0.0,0.0
2022-03-24,0.0,0.0,0.0,0.0
2022-03-25,0.0,0.0,0.0,0.0
2022-03-28,0.0,0.0,0.0,0.0
2022-03-29,0.0,0.0,0.0,0.0
2022-03-30,0.047828153017400954,0.43623939590542243,0.43536778872079623,0.0008716071846262188
2022-03-31,0.0,0.0,0.0,0.0
2022-04-01,-0.010318325022718738,0.4259107422290273,0.4250597717150832,0.0008509705139441105
2022-04-04,0.0,0.0,0.0,0.0
2022-04-05,0.0,0.0,0.0,0.0
2022-04-06,0.0,0.0,0.0,0.0
2022-04-07,0.0,0.0,0.0,0.0
2022-04-08,0.0,0.0,0.0,0.0
2022-04-11,-6.969273490168739e-05,0.0043023973822845256,0.004293801183718511,8.596198566003035e-06
2022-04-12,0.0,0.0,0.0,0.0
2022-04-13,0.0,0.0,0.0,0.0
2022-04-14,0.0,0.0,0.0,0.0
2022-04-18,0.0,0.0,0.0,0.0
2022-04-19,0.0,0.0,0.0,0.0
2022-04-20,0.0,0.0,0.0,0.0
2022-04-22,0.0,0.0,0.0,0.0
2022-04-25,0.0,0.0,0.0,0.0
2022-04-26,0.0,0.0,0.0,0.0
2022-04-27,0.0,0.0,0.0,0.0
2022-04-28,0.0,0.0,0.0,0.0
2022-04-29,0.0,0.0,0.0,0.0
2022-05-02,9.278619052228216e-05,0.10177911340942654,0.10157575853747963,0.00020335487194690616
2022-05-03,0.0,0.0,0.0,0.0
2022-05-04,0.0,0.0,0.0,0.0
2022-05-05,0.0,0.0,0.0,0.0
2022-05-06,0.0,0.0,0.0,0.0
2022-05-09,-0.010230538815751816,0.07464519606142389,0.07449605481055192,0.00014914125087197582
2022-05-10,0.0,0.0,0.0,0.0
2022-05-11,-0.027025321139153863,0.38008468103133464,0.3793252710792241,0.0007594099521105589
2022-05-12,0.0,0.0,0.0,0.0
2022-05-13,0.0,0.0,0.0,0.0
2022-05-16,0.0,0.0,0.0,0.0
2022-05-17,0.0,0.0,0.0,0.0
2022-05-18,-0.0026737147697565053,0.0940950357254662,0.09390703365608465,0.00018800206938155085
2022-05-19,0.005495171016827061,0.10411494424946471,0.1039069223828324,0.00020802186663229714
2022-05-20,0.0,0.0,0.0,0.0
2022-05-23,0.0,0.0,0.0,0.0
2022-05-24,0.00956363880926968,0.10366824774675718,0.10346111838062978,0.000207129366127387
2022-05-25,0.0,0.0,0.0,0.0
2022-05-26,0.0,0.0,0.0,0.0
2022-05-27,0.0,0.0,0.0,0.0
2022-05-30,0.0,0.0,0.0,0.0
2022-05-31,0.0,0.0,0.0,0.0
2022-06-01,0.0,0.0,0.0,0.0
2022-06-02,0.0,0.0,0.0,0.0
2022-06-03,0.0,0.0,0.0,0.0
2022-06-06,0.0,0.0,0.0,0.0
2022-06-07,0.0,0.0,0.0,0.0
2022-06-08,0.003938690427477249,0.10416247037710819,0.1039543535531779,0.0002081168239302861
2022-06-09,0.0,0.0,0.0,0.0
2022-06-10,0.0,0.0,0.0,0.0
2022-06-13,-0.04985733891423516,0.330177434870939,0.32951773969637166,0.0006596951745673107
2022-06-14,-0.039855598605797765,0.3287617506075724,0.32810488397299187,0.0006568666345805643
2022-06-15,0.0,0.0,0.0,0.0
2022-06-17,-0.00806923712970014,0.09891318305163163,0.09871555431426574,0.00019762873736589738
2022-06-20,0.0,0.0,0.0,0.0
2022-06-21,-0.012456161045127206,0.3162931209327704,0.31566116664519245,0.000631954287577963
2022-06-22,-0.028952671760630346,0.31349352940607583,0.3128671687079618,0.0006263606981140376
2022-06-23,0.0,0.0,0.0,0.0
2022-06-24,-0.002609535188582954,0.03704516130912341,0.03697114500281147,7.401630631193489e-05
2022-06-27,0.0,0.0,0.0,0.0
2022-06-28,0.0,0.0,0.0,0.0
2022-06-29,0.0,0.0,0.0,0.0
2022-06-30,0.0,0.0,0.0,0.0
2022-07-01,0.0,0.0,0.0,0.0
2022-07-04,0.0,0.0,0.0,0.0
2022-07-05,0.0,0.0,0.0,0.0
2022-07-06,0.0,0.0,0.0,0.0
2022-07-07,0.0,0.0,0.0,0.0
2022-07-08,0.0,0.0,0.0,0.0
2022-07-11,0.0,0.0,0.0,0.0
2022-07-12,0.0,0.0,0.0,0.0
2022-07-13,0.0,0.0,0.0,0.0
2022-07-14,0.0,0.0,0.0,0.0
2022-07-15,0.0,0.0,0.0,0.0
2022-07-18,0.0,0.0,0.0,0.0
2022-07-19,0.0,0.0,0.0,0.0
2022-07-20,0.0,0.0,0.0,0.0
2022-07-21,0.0,0.0,0.0,0.0
2022-07-22,0.0,0.0,0.0,0.0
2022-07-25,0.0,0.0,0.0,0.0
2022-07-26,0.03498644830978659,0.34851499918564194,0.3478186655209354,0.0006963336647065774
2022-07-27,0.0,0.0,0.0,0.0
2022-07-28,0.0,0.0,0.0,0.0
2022-07-29,0.0,0.0,0.0,0.0
2022-08-01,0.0,0.0,0.0,0.0
2022-08-02,0.017013068245361702,0.3625251893465865,0.36180086329394595,0.0007243260526405325
2022-08-03,0.0,0.0,0.0,0.0
2022-08-04,0.0,0.0,0.0,0.0
2022-08-05,-0.008949887314151224,0.09126099115625887,0.09107865151358902,0.00018233964266984787
2022-08-08,0.0,0.0,0.0,0.0
2022-08-09,0.0,0.0,0.0,0.0
2022-08-10,0.0,0.0,0.0,0.0
2022-08-11,0.0,0.0,0.0,0.0
2022-08-12,0.0,0.0,0.0,0.0
2022-08-15,0.0,0.0,0.0,0.0
2022-08-16,0.0,0.0,0.0,0.0
2022-08-17,0.0,0.0,0.0,0.0
2022-08-18,0.0,0.0,0.0,0.0
2022-08-19,0.0,0.0,0.0,0.0
2022-08-22,0.0,0.0,0.0,0.0
2022-08-23,0.0,0.0,0.0,0.0
2022-08-24,0.008188018536775206,0.01787221369776749,0.017836504979090635,3.570871867685812e-05
2022-08-25,0.0,0.0,0.0,0.0
2022-08-26,0.018532325906298285,0.3640459677859625,0.3633186032149615,0.000727364571000924
2022-08-29,0.0,0.0,0.0,0.0
2022-08-30,0.0,0.0,0.0,0.0
2022-08-31,0.0,0.0,0.0,0.0
2022-09-01,0.0,0.0,0.0,0.0
2022-09-02,0.0,0.0,0.0,0.0
2022-09-05,-0.03918906326057572,0.06303870579754854,0.06291275433741357,0.0001259514601349621
2022-09-06,0.0,0.0,0.0,0.0
2022-09-08,0.0,0.0,0.0,0.0
2022-09-09,0.0,0.0,0.0,0.0
2022-09-12,0.0,0.0,0.0,0.0
2022-09-13,0.0,0.0,0.0,0.0
2022-09-14,0.0,0.0,0.0,0.0
2022-09-15,0.0,0.0,0.0,0.0
2022-09-16,0.0,0.0,0.0,0.0
2022-09-19,-0.005412260782017681,0.05762102733707038,0.057505900409323976,0.00011512692774639437
2022-09-20,0.0,0.0,0.0,0.0
2022-09-21,0.0,0.0,0.0,0.0
2022-09-22,0.0,0.0,0.0,0.0
2022-09-23,0.0,0.0,0.0,0.0
2022-09-26,0.0,0.0,0.0,0.0
2022-09-27,0.0,0.0,0.0,0.0
2022-09-28,0.0,0.0,0.0,0.0
2022-09-29,0.0,0.0,0.0,0.0
2022-09-30,0.0,0.0,0.0,0.0
2022-10-03,0.007442175207007419,0.10329944559720305,0.10309305309850735,0.00020639249869571042
2022-10-04,0.0,0.0,0.0,0.0
2022-10-05,0.0,0.0,0.0,0.0
2022-10-06,0.0,0.0,0.0,0.0
2022-10-07,0.0,0.0,0.0,0.0
2022-10-10,-0.0374566376869397,0.32579144674751603,0.3251405147859825,0.0006509319615334984
2022-10-11,0.0,0.0,0.0,0.0
2022-10-13,-0.0037002238185245653,0.3220875190012451,0.3214439874947491,0.0006435315064959943
2022-10-14,0.0,0.0,0.0,0.0
2022-10-17,-0.03209498967095042,0.3105594319960217,0.30993893363039526,0.000620498365626417
2022-10-18,0.0,0.0,0.0,0.0
2022-10-19,0.0,0.0,0.0,0.0
2022-10-20,0.0,0.0,0.0,0.0
2022-10-21,0.006528607801466755,0.016451787164905918,0.016418916461279732,3.287070362618565e-05
2022-10-24,0.0,0.0,0.0,0.0
2022-10-25,0.0,0.0,0.0,0.0
2022-10-26,0.0,0.0,0.0,0.0
2022-10-27,0.0,0.0,0.0,0.0
2022-10-28,0.0,0.0,0.0,0.0
2022-10-31,0.0,0.0,0.0,0.0
2022-11-01,0.0,0.0,0.0,0.0
2022-11-03,-0.04672935807860476,0.2959104145709422,0.2953191849713998,0.0005912295995423421
2022-11-04,0.0,0.0,0.0,0.0
2022-11-07,-0.014780969055100327,0.2884391584635618,0.28786285644864956,0.0005763020149122112
2022-11-08,0.0020793167221273244,0.3301778652288517,0.3295181691944284,0.0006596960344232801
2022-11-09,0.0,0.0,0.0,0.0
2022-11-10,0.0,0.0,0.0,0.0
2022-11-11,0.0,0.0,0.0,0.0
2022-11-14,0.0,0.0,0.0,0.0
2022-11-16,0.0,0.0,0.0,0.0
2022-11-17,0.0,0.0,0.0,0.0
2022-11-18,0.0,0.0,0.0,0.0
2022-11-21,0.0,0.0,0.0,0.0
2022-11-22,0.0026781839356828604,0.00642607760688147,0.006413238290983605,1.2839315897865075e-05
2022-11-23,0.0,0.0,0.0,0.0
2022-11-24,0.03410320352731598,0.12998716163354795,0.1297274470248895,0.0002597146086584374
2022-11-25,0.0,0.0,0.0,0.0
2022-11-28,0.0,0.0,0.0,0.0
2022-11-29,0.0,0.0,0.0,0.0
2022-11-30,0.0,0.0,0.0,0.0
2022-12-01,-0.004908263182623557,0.2921094034311698,0.2915257682594791,0.0005836351716906489
2022-12-02,0.0,0.0,0.0,0.0
2022-12-05,0.0,0.0,0.0,0.0
2022-12-06,0.0,0.0,0.0,0.0
2022-12-07,0.0,0.0,0.0,0.0
2022-12-08,0.027151302561349504,0.1248902118090754,0.12464068091634997,0.00024953089272542535
2022-12-09,0.0,0.0,0.0,0.0
2022-12-12,0.0,0.0,0.0,0.0
2022-12-13,-0.028701967889331804,0.2682918812022326,0.26775583348754284,0.0005360477146897755
2022-12-14,-0.023888633431288307,0.26121226572330586,0.2606903630944881,0.000521902628817794
2022-12-15,0.0,0.0,0.0,0.0
2022-12-16,-0.019878911236300725,0.2603018322703542,0.2597817486893944,0.0005200835809597486
2022-12-19,0.013451510329116751,0.1332037970495865,0.13293765559693996,0.00026614145264652645
2022-12-20,0.0,0.0,0.0,0.0
2022-12-21,0.0036715771220235264,0.26550082400515324,0.26497035282831977,0.000530471176833473
2022-12-22,0.0,0.0,0.0,0.0
2022-12-23,0.007485985082562645,0.2705940106999179,0.270053363325892,0.0005406473740258099
2022-12-26,-0.0066077744754548095,0.11827582294475626,0.11803950761419732,0.00023631533055895363
2022-12-27,0.0,0.0,0.0,0.0
2022-12-28,0.002248941863798328,0.005989977768618845,0.0059780097810691575,1.1967987549688003e-05
2022-12-29,0.0,0.0,0.0,0.0
2023-01-02,0.0,0.0,0.0,0.0
2023-01-03,0.0,0.0,0.0,0.0
2023-01-04,0.0,0.0,0.0,0.0
2023-01-05,0.0,0.0,0.0,0.0
2023-01-06,0.0,0.0,0.0,0.0
2023-01-09,0.0,0.0,0.0,0.0
2023-01-10,0.0,0.0,0.0,0.0
2023-01-11,0.0,0.0,0.0,0.0
2023-01-12,0.0,0.0,0.0,0.0
2023-01-13,0.0,0.0,0.0,0.0
2023-01-16,0.023156211851764034,0.13117316809872695,0.1309110838467814,0.00026208425194550834
2023-01-17,0.0,0.0,0.0,0.0
2023-01-18,-0.00042258051571526095,0.0025131477461009335,0.0025081264718829497,5.0212742179838835e-06
2023-01-19,0.0,0.0,0.0,0.0
2023-01-20,0.0,0.0,0.0,0.0
2023-01-23,0.0,0.0,0.0,0.0
2023-01-24,0.0,0.0,0.0,0.0
2023-01-25,0.0,0.0,0.0,0.0
2023-01-26,-0.053532628108386646,0.026357798020664014,0.026305135087555786,5.26629331082198e-05
2023-01-27,0.0,0.0,0.0,0.0
2023-01-30,0.0,0.0,0.0,0.0
2023-01-31,0.0,0.0,0.0,0.0
2023-02-01,0.0,0.0,0.0,0.0
2023-02-02,0.0,0.0,0.0,0.0
2023-02-03,0.0,0.0,0.0,0.0
2023-02-06,0.0,0.0,0.0,0.0
2023-02-07,-0.0005137935154047436,0.0022381132432424612,0.002233641488510708,4.471754731753169e-06
2023-02-08,-0.00039279429311703945,0.0025450610067497947,0.0025399759697732715,5.085036976523066e-06
2023-02-09,-0.0005263652327675502,0.0008057125051159815,0.0008041026899209416,1.609815195036923e-06
2023-02-10,-0.009207504327978405,0.1219564470496995,0.12171277782482501,0.00024366922487452456
2023-02-13,-0.003565188763187597,0.0011351167999910804,0.0011328488343567327,2.267965634347813e-06
2023-02-14,0.015739590821522573,0.13611427917287122,0.13584232257112724,0.0002719566017439985
2023-02-15,0.0,0.0,0.0,0.0
2023-02-16,0.0,0.0,0.0,0.0
2023-02-17,0.0,0.0,0.0,0.0
2023-02-22,0.0,0.0,0.0,0.0
2023-02-23,0.0,0.0,0.0,0.0
2023-02-24,0.0,0.0,0.0,0.0
2023-02-27,0.05555042275093486,0.3203455077351137,0.31970545677060797,0.0006400509645057218
2023-02-28,0.04619906768126731,0.3109847919496607,0.31036344371399704,0.0006213482356636578
2023-03-01,-0.0023583131967261487,0.13493749540461045,0.13466789001918666,0.00026960538542379717
2023-03-02,-0.023399868325325278,0.2966004629452648,0.2960078546276918,0.0005926083175729565
2023-03-03,-0.0007524397972240082,0.0012046765088394274,0.0012022695627678201,2.406946071607248e-06
2023-03-06,-0.0005316865597622454,0.002376204456413887,0.0023714567951623106,4.747661251576198e-06
2023-03-07,-0.0027086190905527634,0.001104482798933292,0.0011022760400942646,2.206758839027557e-06
2023-03-08,-0.004901315131413033,0.3107589284896214,0.3101380315296022,0.0006208969600192236
2023-03-09,-0.00047283323844497213,0.002350121186357813,0.0023454256395319235,4.695546825889736e-06
2023-03-10,0.0,0.0,0.0,0.0
2023-03-13,-0.0005928547037004802,0.0011659378109152203,0.0011636082648394655,2.329546075754686e-06
2023-03-14,0.0,0.0,0.0,0.0
2023-03-15,0.0,0.0,0.0,0.0
2023-03-16,-0.0005412518577082608,0.0021801717069650996,0.0021758157195385965,4.355987426503697e-06
2023-03-17,0.004819221912303389,0.3094855715324517,0.30886721874217715,0.0006183527902746288
2023-03-20,0.0,0.0,0.0,0.0
2023-03-21,-0.0005287644429645611,0.0021846865605073787,0.0021803215523944768,4.365008112901855e-06
2023-03-22,0.0,0.0,0.0,0.0
2023-03-23,0.0,0.0,0.0,0.0
2023-03-24,0.0,0.0,0.0,0.0
2023-03-27,0.0,0.0,0.0,0.0
2023-03-28,0.0,0.0,0.0,0.0
2023-03-29,0.0,0.0,0.0,0.0
2023-03-30,0.0,0.0,0.0,0.0
2023-03-31,0.04212187780644393,0.349571249930307,0.3488728058745022,0.0006984440558048092
2023-04-03,0.0,0.0,0.0,0.0
2023-04-04,0.0,0.0,0.0,0.0
2023-04-05,0.0,0.0,0.0,0.0
2023-04-06,0.0,0.0,0.0,0.0
2023-04-10,0.0,0.0,0.0,0.0
2023-04-11,0.030863050903288138,0.35670211896001663,0.355989427413643,0.0007126915463736596
2023-04-12,0.0,0.0,0.0,0.0
2023-04-13,0.0,0.0,0.0,0.0
2023-04-14,0.003821043427470043,0.0064466735676490155,0.0064337931009803865,1.2880466668629403e-05
2023-04-17,0.0,0.0,0.0,0.0
2023-04-18,0.0,0.0,0.0,0.0
2023-04-19,0.0,0.0,0.0,0.0
2023-04-20,0.0,0.0,0.0,0.0
2023-04-24,0.0,0.0,0.0,0.0
2023-04-25,0.0,0.0,0.0,0.0
2023-04-26,0.008119296823796123,0.017521588055556047,0.017486579887612878,3.500816794316893e-05
2023-04-27,0.0,0.0,0.0,0.0
2023-04-28,0.0,0.0,0.0,0.0
2023-05-02,0.0,0.0,0.0,0.0
2023-05-03,-0.011781176172975385,0.12181087265844663,0.1215674942914967,0.00024337836694994334
2023-05-04,0.0,0.0,0.0,0.0
2023-05-05,0.0,0.0,0.0,0.0
2023-05-08,-0.004552200728166132,0.03364963763492436,0.03358240559169774,6.72320432266221e-05
2023-05-09,0.0,0.0,0.0,0.0
2023-05-10,0.0,0.0,0.0,0.0
2023-05-11,0.0,0.0,0.0,0.0
2023-05-12,0.0,0.0,0.0,0.0
2023-05-15,0.0,0.0,0.0,0.0
2023-05-16,0.007547389940140024,0.3333631189969053,0.3326970588190893,0.0006660601778159946
2023-05-17,-0.01768684853806373,0.327328065887306,0.32667406375766106,0.0006540021296449672
2023-05-18,-0.005413167421280087,0.12194435121632725,0.12170070615895197,0.00024364505737527919
2023-05-19,0.0,0.0,0.0,0.0
2023-05-22,0.0,0.0,0.0,0.0
2023-05-23,0.0,0.0,0.0,0.0
2023-05-24,0.0,0.0,0.0,0.0
2023-05-25,0.0,0.0,0.0,0.0
2023-05-26,0.0,0.0,0.0,0.0
2023-05-29,0.0,0.0,0.0,0.0
2023-05-30,0.0,0.0,0.0,0.0
2023-05-31,0.003671060702002022,0.12561908665376673,0.1253680994676453,0.00025098718612141205
2023-06-01,0.0,0.0,0.0,0.0
2023-06-02,0.0,0.0,0.0,0.0
2023-06-05,0.0,0.0,0.0,0.0
2023-06-06,0.0,0.0,0.0,0.0
2023-06-07,0.0,0.0,0.0,0.0
2023-06-09,0.0,0.0,0.0,0.0
2023-06-12,0.0,0.0,0.0,0.0
2023-06-13,0.0,0.0,0.0,0.0
2023-06-14,0.006568603785745906,0.01749467350005952,0.01745971910745201,3.4954392607511535e-05
2023-06-15,0.0,0.0,0.0,0.0
2023-06-16,0.0,0.0,0.0,0.0
2023-06-19,0.0,0.0,0.0,0.0
2023-06-20,0.0,0.0,0.0,0.0
2023-06-21,-0.0029605198847774913,0.000785519684095157,0.0007839502141968648,1.5694698982920218e-06
2023-06-22,3.590089017979251e-05,0.002737378352079668,0.0027319090646629254,5.469287416742593e-06
2023-06-23,0.0,0.0,0.0,0.0
2023-06-26,0.0,0.0,0.0,0.0
2023-06-27,0.0,0.0,0.0,0.0
2023-06-28,0.0,0.0,0.0,0.0
2023-06-29,-0.0005998339842003793,0.0006238245887138983,0.0006225781859392451,1.2464027746531432e-06
2023-06-30,0.0,0.0,0.0,0.0
2023-07-03,0.0,0.0,0.0,0.0
2023-07-04,0.0,0.0,0.0,0.0
2023-07-05,0.0028945425566908644,0.006431047165294831,0.006418197920209328,1.284924508550416e-05
2023-07-06,0.0,0.0,0.0,0.0
2023-07-07,0.0,0.0,0.0,0.0
2023-07-10,0.0,0.0,0.0,0.0
2023-07-11,0.0,0.0,0.0,0.0
2023-07-12,0.0,0.0,0.0,0.0
2023-07-13,0.0,0.0,0.0,0.0
2023-07-14,0.0,0.0,0.0,0.0
2023-07-17,0.0,0.0,0.0,0.0
2023-07-18,0.0,0.0,0.0,0.0
2023-07-19,-0.000616860234158116,0.0008303466632834778,0.0008286876289912031,1.6590342922746811e-06
2023-07-20,0.0,0.0,0.0,0.0
2023-07-21,0.0,0.0,0.0,0.0
2023-07-24,0.0,0.0,0.0,0.0
2023-07-25,0.0,0.0,0.0,0.0
2023-07-26,0.003861938399705739,0.006873944564877751,0.006860210409902971,1.3734154974780724e-05
2023-07-27,0.0,0.0,0.0,0.0
2023-07-28,0.0,0.0,0.0,0.0
2023-07-31,0.0,0.0,0.0,0.0
2023-08-01,0.0,0.0,0.0,0.0
2023-08-02,0.0,0.0,0.0,0.0
2023-08-03,0.0,0.0,0.0,0.0
2023-08-04,0.0,0.0,0.0,0.0
2023-08-07,0.0,0.0,0.0,0.0
2023-08-08,0.0,0.0,0.0,0.0
2023-08-09,0.0038785571898776036,0.006797686745591471,0.006784104953891988,1.358179169948346e-05
2023-08-10,0.0,0.0,0.0,0.0
2023-08-11,0.0,0.0,0.0,0.0
2023-08-14,0.0,0.0,0.0,0.0
2023-08-15,0.0,0.0,0.0,0.0
2023-08-16,-0.011387555545927354,0.011252204801737569,0.01122972287406177,2.2481927675799338e-05
2023-08-17,0.0,0.0,0.0,0.0
2023-08-18,0.0,0.0,0.0,0.0
2023-08-21,0.0,0.0,0.0,0.0
2023-08-22,0.0,0.0,0.0,0.0
2023-08-23,0.0,0.0,0.0,0.0
2023-08-24,-0.0001459369933635743,0.002393943100158989,0.0023891599970617683,4.783103097220757e-06
2023-08-25,0.0,0.0,0.0,0.0
2023-08-28,0.0,0.0,0.0,0.0
2023-08-29,0.0,0.0,0.0,0.0
2023-08-30,0.0,0.0,0.0,0.0
2023-08-31,0.0,0.0,0.0,0.0
2023-09-01,0.0,0.0,0.0,0.0
2023-09-04,0.0,0.0,0.0,0.0
2023-09-05,0.0,0.0,0.0,0.0
2023-09-06,0.0,0.0,0.0,0.0
2023-09-08,0.0,0.0,0.0,0.0
2023-09-11,0.0,0.0,0.0,0.0
2023-09-12,0.0,0.0,0.0,0.0
2023-09-13,0.0,0.0,0.0,0.0
2023-09-14,0.0,0.0,0.0,0.0
2023-09-15,0.0,0.0,0.0,0.0
2023-09-18,0.0,0.0,0.0,0.0
2023-09-19,-6.460806183295922e-05,0.002539677088446891,0.0025346028085498945,5.074279896996786e-06
2023-09-20,-8.898861015268003e-05,0.0025643143379516105,0.0025591908327808784,5.123505170732489e-06
2023-09-21,0.0,0.0,0.0,0.0
2023-09-22,0.0,0.0,0.0,0.0
2023-09-25,0.0,0.0,0.0,0.0
2023-09-26,0.0,0.0,0.0,0.0
2023-09-27,0.0,0.0,0.0,0.0
2023-09-28,0.0,0.0,0.0,0.0
2023-09-29,0.0,0.0,0.0,0.0
2023-10-02,0.0,0.0,0.0,0.0
2023-10-03,0.0,0.0,0.0,0.0
2023-10-04,0.0,0.0,0.0,0.0
2023-10-05,0.0,0.0,0.0,0.0
2023-10-06,0.0,0.0,0.0,0.0
2023-10-09,0.03080869155032278,0.37587215005986524,0.3751211567530523,0.0007509933068129174
2023-10-10,0.04416766636012756,0.3958119862119515,0.3950211530726669,0.0007908331392846185
2023-10-11,0.0,0.0,0.0,0.0
2023-10-13,-0.020401778513527338,0.37538978549770996,0.374639755956256,0.000750029541453966
2023-10-16,0.0,0.0,0.0,0.0
2023-10-17,0.0028353211629673874,0.007006890203360674,0.006992890422734577,1.3999780626095251e-05
2023-10-18,0.0,0.0,0.0,0.0
2023-10-19,0.012761685929562974,0.3762694071256007,0.37551762009837675,0.0007517870272239776
2023-10-20,0.0,0.0,0.0,0.0
2023-10-23,0.002402557766872835,0.006011544348420155,0.005999533270800934,1.201107761922109e-05
2023-10-24,0.0,0.0,0.0,0.0
2023-10-25,0.0,0.0,0.0,0.0
2023-10-26,0.0,0.0,0.0,0.0
2023-10-27,0.0,0.0,0.0,0.0
2023-10-30,0.0,0.0,0.0,0.0
2023-10-31,0.0,0.0,0.0,0.0
2023-11-01,-0.029967774321002522,0.008181807850112232,0.00816546058168044,1.6347268431792668e-05
2023-11-03,0.0,0.0,0.0,0.0
2023-11-06,0.0,0.0,0.0,0.0
2023-11-07,0.0,0.0,0.0,0.0
2023-11-08,0.0,0.0,0.0,0.0
2023-11-09,0.0,0.0,0.0,0.0
2023-11-10,-0.018290762027992045,0.4601609875892664,0.45924158501666046,0.0009194025726059269
2023-11-13,-0.008559101363873327,0.35474379970509207,0.3540350208845025,0.0007087788205895947
2023-11-14,0.00012500361190056155,0.002898231665489168,0.0028924409928308475,5.790672658320016e-06
2023-11-16,0.0,0.0,0.0,0.0
2023-11-17,0.0,0.0,0.0,0.0
2023-11-20,0.0,0.0,0.0,0.0
2023-11-21,-0.0032631861069441497,0.3535649350810977,0.3528585116343823,0.00070642344671548
2023-11-22,0.0,0.0,0.0,0.0
2023-11-23,0.0031469604920636913,0.009623344916646601,0.00960411745427568,1.922746237092228e-05
2023-11-24,0.0,0.0,0.0,0.0
2023-11-27,-0.00398897985423711,0.35418854370774305,0.3534808742897455,0.0007076694179974885
2023-11-28,0.0,0.0,0.0,0.0
2023-11-29,0.0,0.0,0.0,0.0
2023-11-30,0.0,0.0,0.0,0.0
2023-12-01,0.0,0.0,0.0,0.0
2023-12-04,0.0,0.0,0.0,0.0
2023-12-05,0.0,0.0,0.0,0.0
2023-12-06,0.0,0.0,0.0,0.0
2023-12-07,0.0,0.0,0.0,0.0
2023-12-08,0.0,0.0,0.0,0.0
2023-12-11,0.0,0.0,0.0,0.0
2023-12-12,0.0,0.0,0.0,0.0
2023-12-13,0.0,0.0,0.0,0.0
2023-12-14,0.0,0.0,0.0,0.0
2023-12-15,0.0,0.0,0.0,0.0
2023-12-18,0.0,0.0,0.0,0.0
2023-12-19,0.0020811606773957782,0.005660896024255198,0.005649585542688254,1.1310481566943452e-05
2023-12-20,0.0,0.0,0.0,0.0
2023-12-21,0.0,0.0,0.0,0.0
2023-12-22,0.0,0.0,0.0,0.0
2023-12-26,0.0,0.0,0.0,0.0
2023-12-27,0.0,0.0,0.0,0.0
2023-12-28,0.0,0.0,0.0,0.0
2024-01-02,0.007483640055521163,0.04114076882163223,0.04105856948332727,8.21993383049595e-05
2024-01-03,0.0,0.0,0.0,0.0
2024-01-04,0.0,0.0,0.0,0.0
2024-01-05,0.0,0.0,0.0,0.0
2024-01-08,0.0,0.0,0.0,0.0
2024-01-09,0.0,0.0,0.0,0.0
2024-01-10,0.0,0.0,0.0,0.0
2024-01-11,-0.003843018234396404,0.10596059213937453,0.1057488826645706,0.0002117094748039451
2024-01-12,0.0,0.0,0.0,0.0
2024-01-15,0.0,0.0,0.0,0.0
2024-01-16,0.0,0.0,0.0,0.0
2024-01-17,0.0,0.0,0.0,0.0
2024-01-18,0.0,0.0,0.0,0.0
2024-01-19,-0.0021977389599235277,0.037473643072281834,0.037398770658550996,7.487241373083283e-05
2024-01-22,0.0,0.0,0.0,0.0
2024-01-23,0.0,0.0,0.0,0.0
2024-01-24,0.0,0.0,0.0,0.0
2024-01-25,0.0,0.0,0.0,0.0
2024-01-26,0.0,0.0,0.0,0.0
2024-01-29,0.0,0.0,0.0,0.0
2024-01-30,0.0,0.0,0.0,0.0
2024-01-31,0.0,0.0,0.0,0.0
2024-02-01,0.0,0.0,0.0,0.0
2024-02-02,0.0,0.0,0.0,0.0
2024-02-05,0.0,0.0,0.0,0.0
2024-02-06,0.0,0.0,0.0,0.0
2024-02-07,-0.0284855144483406,0.045051606603162965,0.04496159340315664,9.001320000631962e-05
2024-02-08,0.0,0.0,0.0,0.0
2024-02-09,0.0,0.0,0.0,0.0
2024-02-14,0.0,0.0,0.0,0.0
2024-02-15,0.0,0.0,0.0,0.0
2024-02-16,0.0006949315491771602,0.0034776509815212207,0.0034707026279117877,6.948353609433008e-06
2024-02-19,0.0,0.0,0.0,0.0
2024-02-20,0.0,0.0,0.0,0.0
2024-02-21,0.0,0.0,0.0,0.0
2024-02-22,0.0,0.0,0.0,0.0
2024-02-23,0.0,0.0,0.0,0.0
2024-02-26,0.0,0.0,0.0,0.0
2024-02-27,0.0,0.0,0.0,0.0
2024-02-28,0.0,0.0,0.0,0.0
2024-02-29,0.0,0.0,0.0,0.0
2024-03-01,0.005118080814436415,0.1260198425356543,0.12576805463848018,0.0002517878971741345
2024-03-04,0.0,0.0,0.0,0.0
2024-03-05,0.0,0.0,0.0,0.0
2024-03-06,-0.003415337299460123,0.03349169032280548,0.033424773858624045,6.691646418142952e-05
2024-03-07,0.0,0.0,0.0,0.0
2024-03-08,0.005651164804617544,0.008605438337448115,0.008588244654456212,1.7193682991904328e-05
2024-03-11,0.0,0.0,0.0,0.0
2024-03-12,0.0,0.0,0.0,0.0
2024-03-13,0.0015151702176072648,0.011316424113121197,0.011293813875132943,2.261023798825414e-05
2024-03-14,0.0,0.0,0.0,0.0
2024-03-15,0.0028106816043784832,0.007261748743440433,0.007247239754942051,1.4508988498382482e-05
2024-03-18,0.0,0.0,0.0,0.0
2024-03-19,0.0,0.0,0.0,0.0
2024-03-20,0.0,0.0,0.0,0.0
2024-03-21,0.0,0.0,0.0,0.0
2024-03-22,0.0,0.0,0.0,0.0
2024-03-25,0.0,0.0,0.0,0.0
2024-03-26,-0.018627719556121313,0.33625506172115405,0.3355832234359969,0.000671838285157151
2024-03-27,0.0,0.0,0.0,0.0
2024-03-28,0.0,0.0,0.0,0.0
2024-04-01,0.0,0.0,0.0,0.0
2024-04-02,0.0,0.0,0.0,0.0
2024-04-03,0.0,0.0,0.0,0.0
2024-04-04,0.0,0.0,0.0,0.0
2024-04-05,0.0,0.0,0.0,0.0
2024-04-08,0.0,0.0,0.0,0.0
2024-04-09,0.005315262933271805,0.1318115954554793,0.13154823562439938,0.00026335983107987865
2024-04-10,0.0,0.0,0.0,0.0
2024-04-11,0.0,0.0,0.0,0.0
2024-04-12,0.0,0.0,0.0,0.0
2024-04-15,0.0,0.0,0.0,0.0
2024-04-16,0.0,0.0,0.0,0.0
2024-04-17,0.0,0.0,0.0,0.0
2024-04-18,0.0,0.0,0.0,0.0
2024-04-19,0.0,0.0,0.0,0.0
2024-04-22,0.004228098584147879,0.11470018296110505,0.11447101176637753,0.00022917119472748264
2024-04-23,0.0,0.0,0.0,0.0
2024-04-24,0.0,0.0,0.0,0.0
2024-04-25,0.0,0.0,0.0,0.0
2024-04-26,0.0,0.0,0.0,0.0
2024-04-29,0.0,0.0,0.0,0.0
2024-04-30,0.0,0.0,0.0,0.0
2024-05-02,0.0,0.0,0.0,0.0
2024-05-03,0.0006816640138897119,0.034174036683055437,0.034105756889482905,6.827979357253835e-05
2024-05-06,-5.362092256896603e-05,0.000542649006310298,0.0005415647925114762,1.084213798821774e-06
2024-05-07,0.0021943563951490022,0.1139395903046261,0.11371193877554593,0.00022765152908017203
2024-05-08,-0.001695829076845259,0.033844714927239575,0.033777093119193136,6.76218080464327e-05
2024-05-09,0.0,0.0,0.0,0.0
2024-05-10,0.0,0.0,0.0,0.0
2024-05-13,0.0,0.0,0.0,0.0
2024-05-14,2.9053114313026487e-05,0.000505627367572171,0.0005046171230815173,1.0102444906536885e-06
2024-05-15,0.0,0.0,0.0,0.0
2024-05-16,0.005873180715997442,0.11981865008039931,0.11957925217814079,0.00023939790225854015
2024-05-17,0.0,0.0,0.0,0.0
2024-05-20,0.0,0.0,0.0,0.0
2024-05-21,0.0,0.0,0.0,0.0
2024-05-22,0.0,0.0,0.0,0.0
2024-05-23,0.0,0.0,0.0,0.0
2024-05-24,0.0,0.0,0.0,0.0
2024-05-27,0.0,0.0,0.0,0.0
2024-05-28,0.0,0.0,0.0,0.0
2024-05-29,-0.005516861486368479,0.11025845984822545,0.11003816322515209,0.00022029662307337754
2024-05-31,0.0,0.0,0.0,0.0
2024-06-03,0.0,0.0,0.0,0.0
2024-06-04,0.0,0.0,0.0,0.0
2024-06-05,0.0,0.0,0.0,0.0
2024-06-06,0.0,0.0,0.0,0.0
2024-06-07,0.0,0.0,0.0,0.0
2024-06-10,0.0,0.0,0.0,0.0
2024-06-11,0.0,0.0,0.0,0.0
2024-06-12,-1.8255328014628294e-05,0.00045480031484485906,0.0004538916229071071,9.08691937751966e-07
2024-06-13,-0.0002841147523863913,0.008395484040403679,0.008378709846516761,1.677419388692044e-05
2024-06-14,0.0,0.0,0.0,0.0
2024-06-17,-0.07009894873881133,0.27663966349821545,0.27608693689781943,0.0005527266003960349
2024-06-18,0.0,0.0,0.0,0.0
2024-06-19,-0.0030240842652535962,0.0074204025126996575,0.0074055765336533035,1.4825979046352962e-05
2024-06-20,0.0,0.0,0.0,0.0
2024-06-21,0.01120039656154158,0.28785127166792673,0.2872761442520068,0.0005751274159199336
2024-06-24,-0.03169812505120532,0.3194448865325333,0.3188066350109897,0.000638251521543523
2024-06-25,0.0,0.0,0.0,0.0
2024-06-26,0.0,0.0,0.0,0.0
2024-06-27,-0.00019872562419911565,0.110585663915682,0.11036471353822809,0.0002209503774539101
2024-06-28,0.0,0.0,0.0,0.0
2024-07-01,0.0,0.0,0.0,0.0
2024-07-02,0.02527727378516732,0.31280749678855996,0.31218250678498644,0.0006249900035735465
2024-07-03,0.0,0.0,0.0,0.0
2024-07-04,0.004493808082016937,0.3195670680383879,0.3189285723979515,0.0006384956404363395
2024-07-05,0.0,0.0,0.0,0.0
2024-07-08,0.0,0.0,0.0,0.0
2024-07-09,0.0,0.0,0.0,0.0
2024-07-10,0.0,0.0,0.0,0.0
2024-07-11,0.0,0.0,0.0,0.0
2024-07-12,0.0,0.0,0.0,0.0
2024-07-15,0.0,0.0,0.0,0.0
2024-07-16,0.0,0.0,0.0,0.0
2024-07-17,5.324444244975583e-05,0.00047367835502309014,0.00047273194472334377,9.464102997464337e-07
2024-07-18,0.0,0.0,0.0,0.0
2024-07-19,0.0,0.0,0.0,0.0
2024-07-22,0.0,0.0,0.0,0.0
2024-07-23,0.0,0.0,0.0,0.0
2024-07-24,0.0,0.0,0.0,0.0
2024-07-25,0.0,0.0,0.0,0.0
2024-07-26,0.0,0.0,0.0,0.0
2024-07-29,0.0,0.0,0.0,0.0
2024-07-30,0.0,0.0,0.0,0.0
2024-07-31,3.827407608725598e-05,0.0005723544734820007,0.0005712109081004184,1.143565381582419e-06
2024-08-01,0.0,0.0,0.0,0.0
2024-08-02,-0.008934141239172336,0.13776785547963424,0.13749259502912548,0.0002752604505087597
2024-08-05,0.0,0.0,0.0,0.0
2024-08-06,-0.0001797928732225179,0.0003938918405933368,0.0003931048439088346,7.869966845021714e-07
2024-08-07,0.0,0.0,0.0,0.0
2024-08-08,0.0,0.0,0.0,0.0
2024-08-09,0.0,0.0,0.0,0.0
2024-08-12,0.0,0.0,0.0,0.0
2024-08-13,0.0,0.0,0.0,0.0
2024-08-14,0.0,0.0,0.0,0.0
2024-08-15,0.0,0.0,0.0,0.0
2024-08-16,0.0,0.0,0.0,0.0
2024-08-19,0.0009128090733600373,0.0219995847277889,0.021955629513547566,4.395521424133647e-05
2024-08-20,0.003315832642066036,0.010688957920851186,0.010667601361568763,2.135655928241995e-05
2024-08-21,2.0447394675737132e-05,0.010709425783389459,0.010688028329276794,2.1397454112666255e-05
2024-08-22,0.012753734281247611,0.12724486080638012,0.12699062532025346,0.00025423548612663364
2024-08-23,0.0,0.0,0.0,0.0
2024-08-26,0.0,0.0,0.0,0.0
2024-08-27,0.0,0.0,0.0,0.0
2024-08-28,0.0001475830192715943,0.0012615351493338557,0.001259014599584934,2.52054974891879e-06
2024-08-29,0.0,0.0,0.0,0.0
2024-08-30,0.0,0.0,0.0,0.0
2024-09-02,0.0,0.0,0.0,0.0
2024-09-03,-0.0034194263076831786,0.24075487679124424,0.24027384806638657,0.0004810287248576309
2024-09-04,0.005106706192322797,0.13396724097950088,0.13369957416435702,0.0002676668151438579
2024-09-05,0.0,0.0,0.0,0.0
2024-09-06,0.0,0.0,0.0,0.0
2024-09-09,0.0,0.0,0.0,0.0
2024-09-10,0.0,0.0,0.0,0.0
2024-09-11,0.0,0.0,0.0,0.0
2024-09-12,0.0,0.0,0.0,0.0
2024-09-13,0.0018381745628060497,0.01620864598427627,0.016176261077214777,3.238490706149105e-05
2024-09-16,0.0,0.0,0.0,0.0
2024-09-17,0.0,0.0,0.0,0.0
2024-09-18,0.0,0.0,0.0,0.0
2024-09-19,0.0,0.0,0.0,0.0
2024-09-20,0.0,0.0,0.0,0.0
2024-09-23,0.0,0.0,0.0,0.0
2024-09-24,0.0,0.0,0.0,0.0
2024-09-25,-0.03683767805286756,0.2826925154329148,0.28212769522225967,0.0005648202106551745
2024-09-26,0.010566690157555353,0.1394326903941481,0.1391541036001538,0.00027858679399430183
2024-09-27,0.0,0.0,0.0,0.0
2024-09-30,0.0,0.0,0.0,0.0
2024-10-01,-0.0190993455609898,0.2797621745164339,0.27920320913278474,0.0005589653836492186
2024-10-02,0.0,0.0,0.0,0.0
2024-10-03,0.0,0.0,0.0,0.0
2024-10-04,0.0,0.0,0.0,0.0
2024-10-07,0.00572724042434988,0.03947407721584281,0.03939520793069627,7.886928514653908e-05
2024-10-08,0.0,0.0,0.0,0.0
2024-10-09,-0.0010773302865836579,0.278683765821155,0.2781269551002336,0.0005568107209213887
2024-10-10,0.0,0.0,0.0,0.0
2024-10-11,0.0,0.0,0.0,0.0
2024-10-14,0.0,0.0,0.0,0.0
2024-10-15,0.0,0.0,0.0,0.0
2024-10-16,-0.01699764727257986,0.2717675402467875,0.2712245481583823,0.0005429920884051699
2024-10-17,0.0,0.0,0.0,0.0
2024-10-18,0.0,0.0,0.0,0.0
2024-10-21,0.0,0.0,0.0,0.0
2024-10-22,0.007778021904203434,0.405174376995708,0.4043648377809314,0.0008095392147766394
2024-10-23,0.0,0.0,0.0,0.0
2024-10-24,0.0,0.0,0.0,0.0
2024-10-25,-0.014451377173611717,0.2665939132102472,0.26606125803899794,0.0005326551712492452
2024-10-28,0.0,0.0,0.0,0.0
2024-10-29,0.0,0.0,0.0,0.0
2024-10-30,-0.003461760594075584,0.2631286873903518,0.26260295574721415,0.0005257316431375659
2024-10-31,0.0,0.0,0.0,0.0
2024-11-01,0.0007609909185294361,0.036663346984359114,0.03659009354383093,7.325344052819004e-05
2024-11-04,-0.0005534692700223232,0.271540198515298,0.2709976606561265,0.0005425378591714245
2024-11-05,0.0,0.0,0.0,0.0
2024-11-06,0.0,0.0,0.0,0.0
2024-11-07,0.015387347397855508,0.2874969719566171,0.2869225524322283,0.0005744195243888454
2024-11-08,0.004089481840685908,0.28446935751101576,0.2839009871663384,0.000568370344677354
2024-11-11,0.0020998676583346898,0.014499671313406655,0.014470700941152097,2.8970372254558754e-05
2024-11-12,0.0,0.0,0.0,0.0
2024-11-13,0.0,0.0,0.0,0.0
2024-11-14,0.0,0.0,0.0,0.0
2024-11-18,-0.017906715062053866,0.3982939112210264,0.3974981191906147,0.000795792030411641
2024-11-19,-0.015298099741963413,0.2553991870725588,0.2548888989864998,0.0005102880860590587
2024-11-21,0.0,0.0,0.0,0.0
2024-11-22,0.0,0.0,0.0,0.0
2024-11-25,0.0,0.0,0.0,0.0
2024-11-26,0.0,0.0,0.0,0.0
2024-11-27,-0.002073301234655717,0.03458797037309214,0.03451886353917987,6.910683391227201e-05
2024-11-28,0.0,0.0,0.0,0.0
2024-11-29,0.0,0.0,0.0,0.0
2024-12-02,-0.0028900172521403988,0.032351872180822604,0.03228723307556622,6.463910525638883e-05
2024-12-03,0.0,0.0,0.0,0.0
2024-12-04,0.0,0.0,0.0,0.0
2024-12-05,0.0,0.0,0.0,0.0
2024-12-06,0.0,0.0,0.0,0.0
2024-12-09,0.0,0.0,0.0,0.0
2024-12-10,0.0,0.0,0.0,0.0
2024-12-11,0.005419805455572092,0.2960692001019425,0.295477653248592,0.0005915468533505344
2024-12-12,-0.006365646741324275,0.25997643372064944,0.25945700028664215,0.0005194334340072916
2024-12-13,0.0,0.0,0.0,0.0
2024-12-16,0.0,0.0,0.0,0.0
2024-12-17,0.0,0.0,0.0,0.0
2024-12-18,0.0,0.0,0.0,0.0
2024-12-19,0.010630772319815277,0.12379090667190325,0.12354357219303831,0.00024733447886494156
2024-12-20,-0.019111114877234294,0.24084618859829277,0.24036497743226226,0.000481211166030555
2024-12-23,0.004797447585243419,0.008761695273366331,0.008744189388704263,1.7505884662070592e-05
2024-12-26,0.0,0.0,0.0,0.0
2024-12-27,0.0,0.0,0.0,0.0
2024-12-30,0.0,0.0,0.0,0.0
2025-01-02,0.0,0.0,0.0,0.0
2025-01-03,0.0,0.0,0.0,0.0
2025-01-06,-0.008273554602162194,0.24531548410091256,0.2448253432735381,0.0004901408273744507
2025-01-07,0.0,0.0,0.0,0.0
2025-01-08,0.0,0.0,0.0,0.0
2025-01-09,0.0,0.0,0.0,0.0
2025-01-10,0.0,0.0,0.0,0.0
2025-01-13,0.0,0.0,0.0,0.0
2025-01-14,0.0,0.0,0.0,0.0
2025-01-15,0.0,0.0,0.0,0.0
2025-01-16,0.0,0.0,0.0,0.0
2025-01-17,0.0,0.0,0.0,0.0
2025-01-20,0.0,0.0,0.0,0.0
2025-01-21,0.0,0.0,0.0,0.0
2025-01-22,0.0,0.0,0.0,0.0
2025-01-23,0.0,0.0,0.0,0.0
2025-01-24,0.0,0.0,0.0,0.0
2025-01-27,0.0,0.0,0.0,0.0
2025-01-28,0.0,0.0,0.0,0.0
2025-01-29,-0.014509278623522777,0.1257535528412573,0.12550229699142462,0.0002512558498326819
2025-01-30,-0.0003131947749688033,0.13091325098078885,0.13065168604376431,0.00026156493702455316
2025-01-31,0.0,0.0,0.0,0.0
2025-02-03,0.0,0.0,0.0,0.0
2025-02-04,0.0,0.0,0.0,0.0
2025-02-05,0.000329278621508216,0.0335479920042254,0.033480963049172,6.70289550533974e-05
2025-02-06,0.0,0.0,0.0,0.0
2025-02-07,0.0,0.0,0.0,0.0
2025-02-10,0.0,0.0,0.0,0.0
2025-02-11,0.0,0.0,0.0,0.0
2025-02-12,0.0,0.0,0.0,0.0
2025-02-13,-0.01655682936313739,0.23702391777360998,0.236550343512324,0.00047357426128593396
2025-02-14,0.0035618968642900186,0.24473516326387784,0.24424618191869532,0.0004889813451825732
2025-02-17,0.0015021904087452063,0.2462388573667259,0.24574687163772146,0.0004919857290044474
2025-02-18,0.0,0.0,0.0,0.0
2025-02-19,0.0,0.0,0.0,0.0
2025-02-20,0.0037380628742518193,0.01475285722886626,0.014723380990646748,2.947623821951301e-05
2025-02-21,-0.0007593911617170268,0.032787840691195336,0.03272233051998416,6.55101712111795e-05
2025-02-24,-0.015198695180292734,0.10857699758252114,0.1083600605244142,0.00021693705810693533
2025-02-25,0.0,0.0,0.0,0.0
2025-02-26,0.0,0.0,0.0,0.0
2025-02-27,0.0,0.0,0.0,0.0
2025-02-28,0.0,0.0,0.0,0.0
2025-03-05,0.0,0.0,0.0,0.0
2025-03-06,0.0,0.0,0.0,0.0
2025-03-07,0.0,0.0,0.0,0.0
2025-03-10,0.0,0.0,0.0,0.0
2025-03-11,0.0,0.0,0.0,0.0
2025-03-12,0.0,0.0,0.0,0.0
2025-03-13,0.0,0.0,0.0,0.0
2025-03-14,0.0,0.0,0.0,0.0
2025-03-17,0.0,0.0,0.0,0.0
2025-03-18,0.0,0.0,0.0,0.0
2025-03-19,0.0,0.0,0.0,0.0
2025-03-20,0.0009476664237881416,0.03395172727166837,0.033883891652743955,6.783561892441232e-05
2025-03-21,0.0,0.0,0.0,0.0
2025-03-24,0.0,0.0,0.0,0.0
2025-03-25,0.0,0.0,0.0,0.0
2025-03-26,0.0,0.0,0.0,0.0
2025-03-27,0.0,0.0,0.0,0.0
2025-03-28,0.0,0.0,0.0,0.0
2025-03-31,0.0,0.0,0.0,0.0
2025-04-01,0.0,0.0,0.0,0.0
2025-04-02,0.0035375845869039255,0.25816887376930064,0.2576530518436876,0.0005158219256129882
2025-04-03,-0.001055812418722151,0.24164376765552903,0.24116096292494857,0.0004828047305804776
2025-04-04,-0.019227651714561457,0.11197986065086628,0.11175612466554986,0.00022373598531641616
2025-04-07,0.0,0.0,0.0,0.0
2025-04-08,-0.01024645927366742,0.2324173074141042,0.23195293716952056,0.00046437024458362476
2025-04-09,0.0,0.0,0.0,0.0
2025-04-10,0.010515386010743989,0.24294321933677088,0.24245781829913493,0.00048540103763590584
2025-04-11,0.0,0.0,0.0,0.0
2025-04-14,0.004370404333870444,0.2471834004832494,0.24668952755521095,0.0004938729280384604
2025-04-15,0.0061829172998143864,0.25337250688947,0.2528662681144661,0.0005062387750039361
2025-04-16,0.0,0.0,0.0,0.0
2025-04-17,0.0,0.0,0.0,0.0
2025-04-22,0.0,0.0,0.0,0.0
2025-04-23,0.0,0.0,0.0,0.0
2025-04-24,0.0,0.0,0.0,0.0
2025-04-25,-0.0077009192546577425,0.1137379279332873,0.11351067932602799,0.00022724860725931528
2025-04-28,0.0,0.0,0.0,0.0
2025-04-29,0.0,0.0,0.0,0.0
2025-04-30,0.0,0.0,0.0,0.0
2025-05-02,-0.000880983855578949,0.11285606221198706,0.11263057557420086,0.0002254866377861879
2025-05-05,-0.006471740242146386,0.24161234566926099,0.24112960371987183,0.00048274194938913287
2025-05-06,0.0,0.0,0.0,0.0
2025-05-07,0.0,0.0,0.0,0.0
2025-05-08,0.0,0.0,0.0,0.0
2025-05-09,0.009439871054603723,0.042452432607820105,0.042367612562649634,8.482004517046973e-05
2025-05-12,0.0,0.0,0.0,0.0
2025-05-13,0.0,0.0,0.0,0.0
2025-05-14,0.010135535932861156,0.2582362457443436,0.25772028920938983,0.0005159565349537335
2025-05-15,5.4489677352664856e-05,0.11720585323548158,0.11697167570653956,0.00023417752894202117
2025-05-16,0.0,0.0,0.0,0.0
2025-05-19,0.0,0.0,0.0,0.0
2025-05-20,0.0,0.0,0.0,0.0
2025-05-21,0.0,0.0,0.0,0.0
2025-05-22,0.0,0.0,0.0,0.0
2025-05-23,0.0,0.0,0.0,0.0
2025-05-26,0.0,0.0,0.0,0.0
2025-05-27,0.0222994163246915,0.27657595521015466,0.2760233558990454,0.0005525993111092
2025-05-28,0.0,0.0,0.0,0.0
2025-05-29,0.009411341450602111,0.014050758770825818,0.014022685326728263,2.8073444097554077e-05
2025-05-30,0.0,0.0,0.0,0.0
2025-06-02,-0.002031729489831483,0.3785882248735336,0.3778318048438163,0.0007564200297173499
2025-06-03,0.0,0.0,0.0,0.0
2025-06-04,0.0,0.0,0.0,0.0
2025-06-05,0.0,0.0,0.0,0.0
2025-06-06,0.0,0.0,0.0,0.0
2025-06-09,0.0,0.0,0.0,0.0
2025-06-10,0.0,0.0,0.0,0.0
2025-06-11,0.0,0.0,0.0,0.0
2025-06-12,0.0,0.0,0.0,0.0
2025-06-13,0.0,0.0,0.0,0.0
2025-06-16,0.005333384811178556,0.011069287200480133,0.011047170742537115,2.211645794301725e-05
2025-06-17,0.0,0.0,0.0,0.0
2025-06-18,0.0,0.0,0.0,0.0
2025-06-20,0.006000080741580612,0.12321194006389063,0.12296576236146528,0.00024617770242535593
2025-06-23,0.0,0.0,0.0,0.0
2025-06-24,0.0,0.0,0.0,0.0
2025-06-25,-0.0005220164934964799,0.11965908550636996,0.11942000641444912,0.0002390790919208191
2025-06-26,0.0,0.0,0.0,0.0
2025-06-27,0.0,0.0,0.0,0.0
2025-06-30,0.0,0.0,0.0,0.0
2025-07-01,0.0,0.0,0.0,0.0
2025-07-02,0.0,0.0,0.0,0.0
2025-07-03,0.0,0.0,0.0,0.0
2025-07-04,0.0,0.0,0.0,0.0
2025-07-07,0.0,0.0,0.0,0.0
2025-07-08,0.0,0.0,0.0,0.0
2025-07-09,0.0,0.0,0.0,0.0
2025-07-10,0.0,0.0,0.0,0.0
2025-07-11,0.0,0.0,0.0,0.0
2025-07-14,0.0,0.0,0.0,0.0
2025-07-15,0.0,0.0,0.0,0.0
2025-07-16,0.0,0.0,0.0,0.0
2025-07-17,0.0,0.0,0.0,0.0
2025-07-18,0.0,0.0,0.0,0.0
2025-07-21,0.0036047262923711203,0.015731623090517073,0.015700191276150407,3.143181436666748e-05
2025-07-22,0.0,0.0,0.0,0.0
2025-07-23,0.0,0.0,0.0,0.0
2025-07-24,0.0,0.0,0.0,0.0
2025-07-25,0.002834467760688149,0.11370055032619165,0.11347337639946602,0.0002271739267256577
2025-07-28,0.0,0.0,0.0,0.0
2025-07-29,0.0,0.0,0.0,0.0
2025-07-30,0.0,0.0,0.0,0.0
2025-07-31,0.0,0.0,0.0,0.0
2025-08-01,0.0,0.0,0.0,0.0
2025-08-04,0.0,0.0,0.0,0.0
2025-08-05,0.0,0.0,0.0,0.0
2025-08-06,0.0,0.0,0.0,0.0
2025-08-07,0.0,0.0,0.0,0.0
2025-08-08,0.0,0.0,0.0,0.0
2025-08-11,0.0,0.0,0.0,0.0
2025-08-12,0.0,0.0,0.0,0.0
2025-08-13,0.0,0.0,0.0,0.0
2025-08-14,0.0,0.0,0.0,0.0
2025-08-15,0.0,0.0,0.0,0.0
2025-08-18,0.0,0.0,0.0,0.0
2025-08-19,-6.380007307270496e-05,0.10979813349419137,0.10957875660409308,0.00021937689009828446
2025-08-20,0.002882918950828453,0.014384770375336142,0.014356029575385416,2.8740799950721555e-05
2025-08-21,0.0,0.0,0.0,0.0
2025-08-22,0.0,0.0,0.0,0.0
2025-08-25,0.0,0.0,0.0,0.0
2025-08-26,0.0,0.0,0.0,0.0
2025-08-27,0.0,0.0,0.0,0.0
2025-08-28,0.0,0.0,0.0,0.0
2025-08-29,0.0,0.0,0.0,0.0
2025-09-01,0.0,0.0,0.0,0.0
2025-09-02,0.0,0.0,0.0,0.0
2025-09-03,0.0,0.0,0.0,0.0
2025-09-04,0.0,0.0,0.0,0.0
2025-09-05,0.007580861341911222,0.11738658328589428,0.11715204465795044,0.00023453862794384472
2025-09-08,0.0,0.0,0.0,0.0
2025-09-09,0.0,0.0,0.0,0.0
2025-09-10,0.0,0.0,0.0,0.0
2025-09-11,0.0,0.0,0.0,0.0
2025-09-12,-0.00024964714564447275,0.11337439331586052,0.11314787105149318,0.00022652226436735374
2025-09-15,0.0,0.0,0.0,0.0
2025-09-16,0.0,0.0,0.0,0.0
2025-09-17,0.0,0.0,0.0,0.0
2025-09-18,0.0,0.0,0.0,0.0
2025-09-19,0.0,0.0,0.0,0.0
2025-09-22,0.0,0.0,0.0,0.0
2025-09-23,0.0,0.0,0.0,0.0
2025-09-24,0.0,0.0,0.0,0.0
2025-09-25,0.0,0.0,0.0,0.0
2025-09-26,-0.08423228254201766,0.1720713101750477,0.17172751135351916,0.0003437988215285669
2025-09-29,0.0,0.0,0.0,0.0
2025-09-30,0.0006149635642584972,0.17268688931844964,0.17234186056856263,0.00034502874988701223
2025-10-01,0.004350560137820203,0.11772930836873358,0.11749408497538948,0.00023522339334412304
2025-10-02,0.0,0.0,0.0,0.0
2025-10-03,0.0,0.0,0.0,0.0
2025-10-06,0.0,0.0,0.0,0.0
2025-10-07,0.0,0.0,0.0,0.0
2025-10-08,0.0,0.0,0.0,0.0
2025-10-09,0.0,0.0,0.0,0.0
2025-10-10,0.0,0.0,0.0,0.0
2025-10-13,0.00382255106702439,0.015810358118349643,0.015778768991240057,3.15891271095897e-05
2025-10-14,0.0,0.0,0.0,0.0
2025-10-15,0.0,0.0,0.0,0.0
2025-10-16,0.0,0.0,0.0,0.0
2025-10-17,0.004735080116976898,0.009324515049519217,0.009305884649819879,1.8630399699339093e-05
2025-10-20,0.0,0.0,0.0,0.0
2025-10-21,0.0,0.0,0.0,0.0
2025-10-22,0.023388771962489525,0.1435938086855351,0.1433069079688807,0.0002869007166544158
2025-10-23,0.014263629069211081,0.14590435407213978,0.14561283688118645,0.00029151719095332627
2025-10-24,0.0,0.0,0.0,0.0
2025-10-27,0.0,0.0,0.0,0.0
2025-10-28,0.0,0.0,0.0,0.0
2025-10-29,0.0,0.0,0.0,0.0
2025-10-30,-0.040461709982506124,0.17403518712262725,0.1736874644710336,0.0003477226515936609
2025-10-31,0.0,0.0,0.0,0.0
2025-11-03,0.0,0.0,0.0,0.0
2025-11-04,0.0,0.0,0.0,0.0
2025-11-05,0.0,0.0,0.0,0.0
2025-11-06,0.0,0.0,0.0,0.0
2025-11-07,0.0,0.0,0.0,0.0
2025-11-10,0.0,0.0,0.0,0.0
2025-11-11,0.008873816399991618,0.1547870531712305,0.15447778832972955,0.00030926484150096007
2025-11-12,0.0,0.0,0.0,0.0
2025-11-13,0.0,0.0,0.0,0.0
2025-11-14,0.0,0.0,0.0,0.0
2025-11-17,0.0,0.0,0.0,0.0
2025-11-18,0.0,0.0,0.0,0.0
2025-11-19,0.0,0.0,0.0,0.0
2025-11-21,0.0,0.0,0.0,0.0
2025-11-24,0.0,0.0,0.0,0.0
2025-11-25,0.0,0.0,0.0,0.0
2025-11-26,0.0,0.0,0.0,0.0
2025-11-27,-0.014398762448163974,0.0009035783567309245,0.0009017730053688248,1.805351362099749e-06
2025-11-28,-0.0016980680765537805,0.00015553341522649085,0.00015522265915211226,3.1075607437860314e-07
2025-12-01,1.4128496790479745e-05,0.00016218299065644392,0.00016185894871707042,3.240419393735144e-07
2025-12-02,0.0,0.0,0.0,0.0
2025-12-03,0.0,0.0,0.0,0.0
2025-12-04,0.0,0.0,0.0,0.0
2025-12-05,0.0,0.0,0.0,0.0
2025-12-08,0.0,0.0,0.0,0.0
2025-12-09,0.0,0.0,0.0,0.0
2025-12-10,0.0,0.0,0.0,0.0
2025-12-11,0.0,0.0,0.0,0.0
2025-12-12,0.0,0.0,0.0,0.0
2025-12-15,0.0,0.0,0.0,0.0
2025-12-16,0.0,0.0,0.0,0.0
2025-12-17,0.0,0.0,0.0,0.0
2025-12-18,0.0,0.0,0.0,0.0
2025-12-19,0.0,0.0,0.0,0.0
2025-12-22,-3.990724657256191e-06,4.00655455565122e-05,3.998549451643923e-05,8.005104007295142e-08
2025-12-23,-0.0009643026454827747,6.753206923204503e-05,6.73971400227902e-05,1.3492920925483523e-07
2025-12-26,0.0,0.0,0.0,0.0
2025-12-29,0.0,0.0,0.0,0.0
2025-12-30,0.0,0.0,0.0,0.0
